url,scrape
https://deadline.com/2024/04/movies-young-protagonists-scarce-1235889077/,browser scrape
https://archive.ph/4n1JN,browser scrape
https://www.goshennews.com/opinion/another-opinion-biden-s-impossible-dream-any-car-you-want-as-long-as-it-s/article_42ccdf9c-fdb8-11ee-9dc2-5b754d90912a.html,browser scrape
https://www.billoreilly.com/b/Consider-the-Maltese-Please/663113350616289417.html,browser scrape
https://archive.ph/vMs1j,browser scrape
https://archive.ph/5dbVN,browser scrape
https://archive.ph/hI737,browser scrape
https://archive.ph/cc5Wi,browser scrape
https://archive.ph/hI737,browser scrape
https://archive.ph/TSoBN,browser scrape